{"train_losses": [1.2654121928081596, 0.4985149943150459, 0.27971805640138325, 0.15048314586133643, 0.10293257041815092], "val_losses": [0.651453560590744, 0.564631989729755, 0.4917305015904062, 0.5134862105636036, 0.5645338114460602], "train_accuracies": [0.6436101648098702, 0.8437758954055796, 0.9118635484761992, 0.950487984531811, 0.9662323911242059], "val_accuracies": [0.7964275849369303, 0.8321517355676273, 0.8547095110947427, 0.8630881134333855, 0.8687045391768714]}